,player_name,total_matches,total_wins,win_pct,Clay,Grass,Hard,clay_advantage,grass_advantage,hard_advantage
0,Abedallah Shelbayh,11,3,0.2727272727272727,1.0,0.0,2.0,0.3333333333333333,0.0,0.6666666666666666
1,Adam Moundir,2,0,0.0,0.0,0.0,0.0,,,
2,Adrian Mannarino,67,43,0.6417910447761194,1.0,12.0,30.0,0.023255813953488372,0.27906976744186046,0.6976744186046512
3,Aisam Ul Haq Qureshi,1,1,1.0,0.0,1.0,0.0,0.0,1.0,0.0
4,Albert Ramos,38,12,0.3157894736842105,11.0,0.0,1.0,0.9166666666666666,0.0,0.08333333333333333
5,Alec Beckley,1,0,0.0,0.0,0.0,0.0,,,
6,Alejandro Davidovich Fokina,59,32,0.5423728813559322,9.0,2.0,21.0,0.28125,0.0625,0.65625
7,Alejandro Tabilo,8,3,0.375,0.0,0.0,3.0,0.0,0.0,1.0
8,Aleksandar Kovacevic,12,3,0.25,0.0,0.0,3.0,0.0,0.0,1.0
9,Aleksandar Vukic,28,11,0.39285714285714285,0.0,2.0,9.0,0.0,0.18181818181818182,0.8181818181818182
10,Aleksandre Bakshi,1,1,1.0,0.0,0.0,0.0,0.0,0.0,0.0
11,Alessandro Giannessi,1,0,0.0,0.0,0.0,0.0,,,
12,Alex Bolt,3,1,0.3333333333333333,0.0,0.0,1.0,0.0,0.0,1.0
13,Alex De Minaur,74,48,0.6486486486486487,5.0,6.0,37.0,0.10416666666666667,0.125,0.7708333333333334
14,Alex Knaff,4,3,0.75,1.0,0.0,0.0,0.3333333333333333,0.0,0.0
15,Alex Michelsen,15,7,0.4666666666666667,0.0,4.0,3.0,0.0,0.5714285714285714,0.42857142857142855
16,Alex Molcan,34,16,0.47058823529411764,9.0,0.0,7.0,0.5625,0.0,0.4375
17,Alex Rybakov,1,0,0.0,0.0,0.0,0.0,,,
18,Alexandar Lazarov,2,0,0.0,0.0,0.0,0.0,,,
19,Alexander Blockx,1,0,0.0,0.0,0.0,0.0,,,
20,Alexander Bublik,52,24,0.46153846153846156,5.0,9.0,10.0,0.20833333333333334,0.375,0.4166666666666667
21,Alexander Ritschard,5,2,0.4,1.0,0.0,1.0,0.5,0.0,0.5
22,Alexander Shevchenko,33,16,0.48484848484848486,6.0,0.0,10.0,0.375,0.0,0.625
23,Alexander Zverev,82,55,0.6707317073170732,20.0,5.0,30.0,0.36363636363636365,0.09090909090909091,0.5454545454545454
24,Alexandre Muller,23,9,0.391304347826087,5.0,1.0,3.0,0.5555555555555556,0.1111111111111111,0.3333333333333333
25,Alexandros Skorilas,1,0,0.0,0.0,0.0,0.0,,,
26,Alexei Popyrin,47,24,0.5106382978723404,11.0,1.0,12.0,0.4583333333333333,0.041666666666666664,0.5
27,Alexey Vatutin,1,0,0.0,0.0,0.0,0.0,,,
28,Alexis Galarneau,3,2,0.6666666666666666,0.0,0.0,2.0,0.0,0.0,1.0
29,Alibek Kachmazov,3,1,0.3333333333333333,0.0,0.0,1.0,0.0,0.0,1.0
30,Altug Celikbilek,1,1,1.0,0.0,0.0,0.0,0.0,0.0,0.0
31,Alvaro Guillen Meza,1,1,1.0,1.0,0.0,0.0,1.0,0.0,0.0
32,Alvaro Lopez San Martin,1,0,0.0,0.0,0.0,0.0,,,
33,Amir Milushev,1,0,0.0,0.0,0.0,0.0,,,
34,Amr Elsayed Abdou Ahmed Mohamed,3,1,0.3333333333333333,0.0,0.0,0.0,0.0,0.0,0.0
35,Andrea Vavassori,9,4,0.4444444444444444,4.0,0.0,0.0,1.0,0.0,0.0
36,Andrej Nedic,1,0,0.0,0.0,0.0,0.0,,,
37,Andreja Petrovic,1,0,0.0,0.0,0.0,0.0,,,
38,Andres Martin,1,0,0.0,0.0,0.0,0.0,,,
39,Andrey Kuznetsov,1,0,0.0,0.0,0.0,0.0,,,
40,Andrey Rublev,81,56,0.691358024691358,19.0,8.0,29.0,0.3392857142857143,0.14285714285714285,0.5178571428571429
41,Andy Murray,34,16,0.47058823529411764,0.0,1.0,15.0,0.0,0.0625,0.9375
42,Anthony Susanto,1,0,0.0,0.0,0.0,0.0,,,
43,Antoine Bellier,1,0,0.0,0.0,0.0,0.0,,,
44,Aqeel Khan,3,2,0.6666666666666666,0.0,2.0,0.0,0.0,1.0,0.0
45,Arklon Huertas Del Pino,1,1,1.0,0.0,0.0,0.0,0.0,0.0,0.0
46,Arthur Cazaux,3,0,0.0,0.0,0.0,0.0,,,
47,Arthur Fery,1,0,0.0,0.0,0.0,0.0,,,
48,Arthur Fils,42,25,0.5952380952380952,9.0,0.0,16.0,0.36,0.0,0.64
49,Arthur Rinderknech,35,13,0.37142857142857144,5.0,2.0,6.0,0.38461538461538464,0.15384615384615385,0.46153846153846156
50,Aslan Karatsev,41,22,0.5365853658536586,7.0,2.0,13.0,0.3181818181818182,0.09090909090909091,0.5909090909090909
51,Attila Balazs,2,0,0.0,0.0,0.0,0.0,,,
52,August Holmgren,2,0,0.0,0.0,0.0,0.0,,,
53,Aziz Dougaz,1,0,0.0,0.0,0.0,0.0,,,
54,Beibit Zhukayev,3,1,0.3333333333333333,0.0,0.0,1.0,0.0,0.0,1.0
55,Ben Shelton,49,25,0.5102040816326531,2.0,2.0,21.0,0.08,0.08,0.84
56,Benjamin Bonzi,32,15,0.46875,2.0,0.0,13.0,0.13333333333333333,0.0,0.8666666666666667
57,Benjamin Hassan,5,2,0.4,1.0,0.0,0.0,0.5,0.0,0.0
58,Benjamin Lock,1,0,0.0,0.0,0.0,0.0,,,
59,Benoit Paire,4,0,0.0,0.0,0.0,0.0,,,
60,Bernabe Zapata Miralles,43,18,0.4186046511627907,16.0,0.0,2.0,0.8888888888888888,0.0,0.1111111111111111
61,Billy Harris,2,1,0.5,0.0,0.0,1.0,0.0,0.0,1.0
62,Bjorn Fratangelo,1,0,0.0,0.0,0.0,0.0,,,
63,Blaise Bicknell,3,2,0.6666666666666666,0.0,0.0,0.0,0.0,0.0,0.0
64,Blaz Rola,2,2,1.0,2.0,0.0,0.0,1.0,0.0,0.0
65,Bor Artnak,3,0,0.0,0.0,0.0,0.0,,,
66,Borna Coric,41,22,0.5365853658536586,9.0,0.0,13.0,0.4090909090909091,0.0,0.5909090909090909
67,Borna Gojo,21,12,0.5714285714285714,0.0,0.0,12.0,0.0,0.0,1.0
68,Botic Van De Zandschulp,48,23,0.4791666666666667,4.0,1.0,18.0,0.17391304347826086,0.043478260869565216,0.782608695652174
69,Bradley Klahn,1,0,0.0,0.0,0.0,0.0,,,
70,Brandon Holt,4,1,0.25,0.0,0.0,1.0,0.0,0.0,1.0
71,Brandon Nakashima,33,13,0.3939393939393939,3.0,1.0,9.0,0.23076923076923078,0.07692307692307693,0.6923076923076923
72,Bu Yunchaokete,2,1,0.5,0.0,0.0,1.0,0.0,0.0,1.0
73,Calvin Hemery,1,0,0.0,0.0,0.0,0.0,,,
74,Cameron Norrie,61,36,0.5901639344262295,18.0,3.0,15.0,0.5,0.08333333333333333,0.4166666666666667
75,Camilo Ugo Carabelli,3,1,0.3333333333333333,1.0,0.0,0.0,1.0,0.0,0.0
76,Carlos Alcaraz,77,65,0.8441558441558441,25.0,12.0,28.0,0.38461538461538464,0.18461538461538463,0.4307692307692308
77,Carlos Taberner,1,0,0.0,0.0,0.0,0.0,,,
78,Casper Ruud,59,36,0.6101694915254238,22.0,1.0,13.0,0.6111111111111112,0.027777777777777776,0.3611111111111111
79,Cem Ilkel,4,3,0.75,0.0,0.0,2.0,0.0,0.0,0.6666666666666666
80,Cesar Cruz,1,0,0.0,0.0,0.0,0.0,,,
81,Chris Rodesch,3,2,0.6666666666666666,1.0,0.0,0.0,0.5,0.0,0.0
82,Christopher Eubanks,41,21,0.5121951219512195,1.0,9.0,11.0,0.047619047619047616,0.42857142857142855,0.5238095238095238
83,Christopher Oconnell,42,19,0.4523809523809524,8.0,4.0,7.0,0.42105263157894735,0.21052631578947367,0.3684210526315789
84,Christopher Rungkat,1,1,1.0,0.0,0.0,0.0,0.0,0.0,0.0
85,Chun Hsin Tseng,6,1,0.16666666666666666,0.0,0.0,1.0,0.0,0.0,1.0
86,Clement Chidekh,1,0,0.0,0.0,0.0,0.0,,,
87,Clement Mainguy,2,0,0.0,0.0,0.0,0.0,,,
88,Coleman Wong,2,1,0.5,0.0,0.0,1.0,0.0,0.0,1.0
89,Colin Sinclair,2,1,0.5,0.0,0.0,0.0,0.0,0.0,0.0
90,Conner Huertas Del Pino,1,1,1.0,0.0,0.0,0.0,0.0,0.0,0.0
91,Conor Gannon,1,1,1.0,1.0,0.0,0.0,1.0,0.0,0.0
92,Constant Lestienne,26,6,0.23076923076923078,0.0,1.0,5.0,0.0,0.16666666666666666,0.8333333333333334
93,Corentin Moutet,24,7,0.2916666666666667,1.0,4.0,2.0,0.14285714285714285,0.5714285714285714,0.2857142857142857
94,Cristian Garin,39,21,0.5384615384615384,12.0,0.0,9.0,0.5714285714285714,0.0,0.42857142857142855
95,Dac Tien Nguyen,1,0,0.0,0.0,0.0,0.0,,,
96,Dalibor Svrcina,5,2,0.4,0.0,0.0,2.0,0.0,0.0,1.0
97,Damir Dzumhur,7,2,0.2857142857142857,2.0,0.0,0.0,1.0,0.0,0.0
98,Dane Sweeny,3,1,0.3333333333333333,0.0,0.0,1.0,0.0,0.0,1.0
99,Daniel Altmaier,38,15,0.39473684210526316,11.0,0.0,4.0,0.7333333333333333,0.0,0.26666666666666666
100,Daniel Azar,1,0,0.0,0.0,0.0,0.0,,,
101,Daniel Cukierman,4,3,0.75,0.0,0.0,2.0,0.0,0.0,0.6666666666666666
102,Daniel Elahi Galan,31,9,0.2903225806451613,4.0,3.0,2.0,0.4444444444444444,0.3333333333333333,0.2222222222222222
103,Daniel Evans,44,18,0.4090909090909091,5.0,0.0,13.0,0.2777777777777778,0.0,0.7222222222222222
104,Daniel Michalski,3,0,0.0,0.0,0.0,0.0,,,
105,Daniel Rincon,2,0,0.0,0.0,0.0,0.0,,,
106,Daniel Vallejo,2,2,1.0,0.0,0.0,0.0,0.0,0.0,0.0
107,Daniels Tens,1,0,0.0,0.0,0.0,0.0,,,
108,Daniil Medvedev,85,67,0.788235294117647,10.0,7.0,50.0,0.14925373134328357,0.1044776119402985,0.746268656716418
109,Darian King,3,2,0.6666666666666666,0.0,0.0,0.0,0.0,0.0,0.0
110,David Agung Susanto,2,0,0.0,0.0,0.0,0.0,,,
111,David Goffin,25,10,0.4,3.0,2.0,5.0,0.3,0.2,0.5
112,Denis Kudla,9,4,0.4444444444444444,1.0,0.0,3.0,0.25,0.0,0.75
113,Denis Shapovalov,26,13,0.5,3.0,4.0,6.0,0.23076923076923078,0.3076923076923077,0.46153846153846156
114,Denis Yevseyev,1,0,0.0,0.0,0.0,0.0,,,
115,Dennis Novak,4,0,0.0,0.0,0.0,0.0,,,
116,Devin Badenhorst,1,0,0.0,0.0,0.0,0.0,,,
117,Diego Duran,2,0,0.0,0.0,0.0,0.0,,,
118,Diego Schwartzman,38,13,0.34210526315789475,4.0,2.0,7.0,0.3076923076923077,0.15384615384615385,0.5384615384615384
119,Digvijaypratap Singh,1,1,1.0,0.0,0.0,1.0,0.0,0.0,1.0
120,Dimitar Kuzmanov,7,3,0.42857142857142855,1.0,0.0,2.0,0.3333333333333333,0.0,0.6666666666666666
121,Dino Prizmic,8,3,0.375,2.0,0.0,1.0,0.6666666666666666,0.0,0.3333333333333333
122,Dominic Stricker,19,8,0.42105263157894735,1.0,1.0,6.0,0.125,0.125,0.75
123,Dominic Thiem,43,19,0.4418604651162791,13.0,0.0,6.0,0.6842105263157895,0.0,0.3157894736842105
124,Dominik Koepfer,13,7,0.5384615384615384,0.0,0.0,7.0,0.0,0.0,1.0
125,Dragos Nicolae Madaras,1,0,0.0,0.0,0.0,0.0,,,
126,Duje Ajdukovic,2,0,0.0,0.0,0.0,0.0,,,
127,Dusan Lajovic,47,24,0.5106382978723404,15.0,0.0,9.0,0.625,0.0,0.375
128,Edan Leshem,1,0,0.0,0.0,0.0,0.0,,,
129,Edas Butvilas,2,1,0.5,0.0,0.0,0.0,0.0,0.0,0.0
130,Eduardo Nava,1,0,0.0,0.0,0.0,0.0,,,
131,Egor Gerasimov,2,1,0.5,0.0,0.0,1.0,0.0,0.0,1.0
132,Elias Ymer,17,5,0.29411764705882354,1.0,0.0,4.0,0.2,0.0,0.8
133,Eliot Spizzirri,1,0,0.0,0.0,0.0,0.0,,,
134,Elliot Benchetrit,1,0,0.0,0.0,0.0,0.0,,,
135,Elmer Moller,2,1,0.5,0.0,0.0,1.0,0.0,0.0,1.0
136,Emil Ruusuvuori,51,26,0.5098039215686274,5.0,3.0,18.0,0.19230769230769232,0.11538461538461539,0.6923076923076923
137,Emilio Gomez,12,5,0.4166666666666667,2.0,0.0,3.0,0.4,0.0,0.6
138,Emilio Nava,4,1,0.25,0.0,0.0,1.0,0.0,0.0,1.0
139,Enzo Couacaud,4,1,0.25,0.0,0.0,1.0,0.0,0.0,1.0
140,Ergi Kirkin,1,1,1.0,0.0,0.0,0.0,0.0,0.0,0.0
141,Ernesto Escobedo,4,1,0.25,1.0,0.0,0.0,1.0,0.0,0.0
142,Ernests Gulbis,1,1,1.0,0.0,0.0,0.0,0.0,0.0,0.0
143,Ethan Quinn,4,1,0.25,0.0,1.0,0.0,0.0,1.0,0.0
144,Fabian Marozsan,19,11,0.5789473684210527,4.0,0.0,7.0,0.36363636363636365,0.0,0.6363636363636364
145,Fabio Fognini,22,9,0.4090909090909091,6.0,0.0,3.0,0.6666666666666666,0.0,0.3333333333333333
146,Facundo Bagnis,12,2,0.16666666666666666,1.0,0.0,1.0,0.5,0.0,0.5
147,Facundo Diaz Acosta,6,2,0.3333333333333333,1.0,0.0,1.0,0.5,0.0,0.5
148,Fajing Sun,1,0,0.0,0.0,0.0,0.0,,,
149,Federico Coria,20,7,0.35,7.0,0.0,0.0,1.0,0.0,0.0
150,Federico Delbonis,2,1,0.5,1.0,0.0,0.0,1.0,0.0,0.0
151,Feliciano Lopez,7,3,0.42857142857142855,0.0,2.0,1.0,0.0,0.6666666666666666,0.3333333333333333
152,Felipe Meligeni Alves,7,3,0.42857142857142855,0.0,0.0,3.0,0.0,0.0,1.0
153,Felix Auger Aliassime,42,22,0.5238095238095238,1.0,0.0,21.0,0.045454545454545456,0.0,0.9545454545454546
154,Fernando Verdasco,5,0,0.0,0.0,0.0,0.0,,,
155,Filip Cristian Jianu,2,2,1.0,0.0,0.0,0.0,0.0,0.0,0.0
156,Filip Krajinovic,15,3,0.2,0.0,0.0,3.0,0.0,0.0,1.0
157,Filip Misolic,8,3,0.375,2.0,0.0,1.0,0.6666666666666666,0.0,0.3333333333333333
158,Fitriadi M Rifqi,2,1,0.5,0.0,0.0,0.0,0.0,0.0,0.0
159,Flavio Cobolli,12,5,0.4166666666666667,3.0,0.0,2.0,0.6,0.0,0.4
160,Frances Tiafoe,60,39,0.65,8.0,7.0,24.0,0.20512820512820512,0.1794871794871795,0.6153846153846154
161,Francesco Passaro,6,2,0.3333333333333333,2.0,0.0,0.0,1.0,0.0,0.0
162,Francisco Cerundolo,64,38,0.59375,19.0,6.0,13.0,0.5,0.15789473684210525,0.34210526315789475
163,Franco Roncadelli,1,0,0.0,0.0,0.0,0.0,,,
164,Freddy Murray,1,1,1.0,1.0,0.0,0.0,1.0,0.0,0.0
165,Gabriel Diallo,9,3,0.3333333333333333,0.0,0.0,3.0,0.0,0.0,1.0
166,Gael Monfils,27,15,0.5555555555555556,1.0,0.0,14.0,0.06666666666666667,0.0,0.9333333333333333
167,Genaro Alberto Olivieri,3,2,0.6666666666666666,2.0,0.0,0.0,1.0,0.0,0.0
168,Geoffrey Blancaneaux,2,0,0.0,0.0,0.0,0.0,,,
169,George Loffhagen,2,0,0.0,0.0,0.0,0.0,,,
170,Gijs Brouwer,17,8,0.47058823529411764,3.0,1.0,4.0,0.375,0.125,0.5
171,Giovanni Mpetshi Perricard,5,2,0.4,0.0,0.0,2.0,0.0,0.0,1.0
172,Giulio Zeppieri,4,1,0.25,1.0,0.0,0.0,1.0,0.0,0.0
173,Gonzalo Bueno,2,1,0.5,0.0,0.0,0.0,0.0,0.0,0.0
174,Gonzalo Lama,1,0,0.0,0.0,0.0,0.0,,,
175,Gregoire Barrere,45,21,0.4666666666666667,5.0,5.0,11.0,0.23809523809523808,0.23809523809523808,0.5238095238095238
176,Grigor Dimitrov,64,42,0.65625,10.0,5.0,27.0,0.23809523809523808,0.11904761904761904,0.6428571428571429
177,Guido Andreozzi,3,1,0.3333333333333333,1.0,0.0,0.0,1.0,0.0,0.0
178,Guido Pella,22,9,0.4090909090909091,4.0,3.0,2.0,0.4444444444444444,0.3333333333333333,0.2222222222222222
179,Gunawan Trismuwantara,2,0,0.0,0.0,0.0,0.0,,,
180,Gustavo Heide,1,1,1.0,0.0,0.0,0.0,0.0,0.0,0.0
181,Hady Habib,2,1,0.5,1.0,0.0,0.0,1.0,0.0,0.0
182,Hamad Medjedovic,19,12,0.631578947368421,3.0,0.0,9.0,0.25,0.0,0.75
183,Harold Mayot,5,3,0.6,0.0,1.0,2.0,0.0,0.3333333333333333,0.6666666666666666
184,Henrique Rocha,1,0,0.0,0.0,0.0,0.0,,,
185,Hernando Jose Escurra Isnardi,1,0,0.0,0.0,0.0,0.0,,,
186,Holger Rune,70,46,0.6571428571428571,18.0,7.0,21.0,0.391304347826087,0.15217391304347827,0.45652173913043476
187,Hong Kit Jack Wong,1,0,0.0,0.0,0.0,0.0,,,
188,Hubert Hurkacz,68,45,0.6617647058823529,5.0,6.0,34.0,0.1111111111111111,0.13333333333333333,0.7555555555555555
189,Hugo Dellien,17,5,0.29411764705882354,5.0,0.0,0.0,1.0,0.0,0.0
190,Hugo Gaston,14,5,0.35714285714285715,2.0,0.0,3.0,0.4,0.0,0.6
191,Hugo Grenier,6,2,0.3333333333333333,2.0,0.0,0.0,1.0,0.0,0.0
192,Ignacio Buse,1,1,1.0,1.0,0.0,0.0,1.0,0.0,0.0
193,Ignacio Carou,1,0,0.0,0.0,0.0,0.0,,,
194,Illya Marchenko,1,0,0.0,0.0,0.0,0.0,,,
195,Ilya Ivashka,27,9,0.3333333333333333,3.0,1.0,5.0,0.3333333333333333,0.1111111111111111,0.5555555555555556
196,Ivan Gakhov,2,1,0.5,1.0,0.0,0.0,1.0,0.0,0.0
197,J J Wolf,51,26,0.5098039215686274,5.0,3.0,18.0,0.19230769230769232,0.11538461538461539,0.6923076923076923
198,Jack Draper,31,19,0.6129032258064516,3.0,0.0,16.0,0.15789473684210525,0.0,0.8421052631578947
199,Jack Sock,6,2,0.3333333333333333,0.0,0.0,2.0,0.0,0.0,1.0
200,Jacob Bicknell,1,0,0.0,0.0,0.0,0.0,,,
201,Jacopo Berrettini,2,1,0.5,0.0,0.0,1.0,0.0,0.0,1.0
202,Jakub Mensik,4,3,0.75,0.0,0.0,3.0,0.0,0.0,1.0
203,James Duckworth,7,2,0.2857142857142857,0.0,1.0,1.0,0.0,0.5,0.5
204,Jan Choinski,5,1,0.2,0.0,1.0,0.0,0.0,1.0,0.0
205,Jan Lennard Struff,37,20,0.5405405405405406,9.0,5.0,6.0,0.45,0.25,0.3
206,Jannik Sinner,84,66,0.7857142857142857,8.0,8.0,50.0,0.12121212121212122,0.12121212121212122,0.7575757575757576
207,Jason Jung,3,1,0.3333333333333333,0.0,0.0,1.0,0.0,0.0,1.0
208,Jason Kubler,28,13,0.4642857142857143,5.0,1.0,7.0,0.38461538461538464,0.07692307692307693,0.5384615384615384
209,Jaume Munar,34,15,0.4411764705882353,13.0,1.0,1.0,0.8666666666666667,0.06666666666666667,0.06666666666666667
210,Jenson Brooksby,7,5,0.7142857142857143,0.0,0.0,5.0,0.0,0.0,1.0
211,Jeremy Chardy,5,1,0.2,0.0,0.0,1.0,0.0,0.0,1.0
212,Jesper De Jong,1,0,0.0,0.0,0.0,0.0,,,
213,Jie Cui,2,0,0.0,0.0,0.0,0.0,,,
214,Jiri Lehecka,61,35,0.5737704918032787,8.0,5.0,22.0,0.22857142857142856,0.14285714285714285,0.6285714285714286
215,Jiri Vesely,7,3,0.42857142857142855,0.0,1.0,2.0,0.0,0.3333333333333333,0.6666666666666666
216,Joao Fonseca,1,0,0.0,0.0,0.0,0.0,,,
217,Joao Sousa,13,4,0.3076923076923077,3.0,0.0,1.0,0.75,0.0,0.25
218,Joaquin  Aguilar Cardozo ,1,1,1.0,1.0,0.0,0.0,1.0,0.0,0.0
219,Johannes Seeman,1,1,1.0,0.0,0.0,0.0,0.0,0.0,0.0
220,John Isner,23,9,0.391304347826087,0.0,3.0,6.0,0.0,0.3333333333333333,0.6666666666666666
221,John Millman,4,2,0.5,0.0,0.0,2.0,0.0,0.0,1.0
222,Jordan Thompson,42,19,0.4523809523809524,0.0,9.0,10.0,0.0,0.47368421052631576,0.5263157894736842
223,Jose  Flores,1,0,0.0,0.0,0.0,0.0,,,
224,Jozef Kovalik,7,3,0.42857142857142855,3.0,0.0,0.0,1.0,0.0,0.0
225,Juan Borba,1,0,0.0,0.0,0.0,0.0,,,
226,Juan Carlos Prado Angelo,2,0,0.0,0.0,0.0,0.0,,,
227,Juan Manuel Cerundolo,18,7,0.3888888888888889,3.0,0.0,4.0,0.42857142857142855,0.0,0.5714285714285714
228,Juan Pablo Varillas,37,17,0.4594594594594595,13.0,0.0,4.0,0.7647058823529411,0.0,0.23529411764705882
229,Juncheng Shang,12,4,0.3333333333333333,0.0,0.0,4.0,0.0,0.0,1.0
230,Jurij Rodionov,12,5,0.4166666666666667,2.0,0.0,3.0,0.4,0.0,0.6
231,Kacper Zuk,1,0,0.0,0.0,0.0,0.0,,,
232,Kaipo Marshall,2,1,0.5,0.0,0.0,0.0,0.0,0.0,0.0
233,Karam Hatamleh,1,0,0.0,0.0,0.0,0.0,,,
234,Karen Khachanov,52,34,0.6538461538461539,10.0,0.0,24.0,0.29411764705882354,0.0,0.7058823529411765
235,Karim Mohamed Maamoun,1,1,1.0,1.0,0.0,0.0,1.0,0.0,0.0
236,Karl Friberg,1,0,0.0,0.0,0.0,0.0,,,
237,Karlis Ozolins,2,1,0.5,0.0,0.0,0.0,0.0,0.0,0.0
238,Kasidit Samrej,2,0,0.0,0.0,0.0,0.0,,,
239,Kei Nishikori,3,2,0.6666666666666666,0.0,0.0,2.0,0.0,0.0,1.0
240,Kenneth Raisma,1,0,0.0,0.0,0.0,0.0,,,
241,Kevin Anderson,4,2,0.5,0.0,2.0,0.0,0.0,1.0,0.0
242,Khumoun Sultanov,1,0,0.0,0.0,0.0,0.0,,,
243,Ki Lung Ng,1,1,1.0,0.0,0.0,1.0,0.0,0.0,1.0
244,Kimmer Coppejans,3,1,0.3333333333333333,0.0,0.0,1.0,0.0,0.0,1.0
245,Kiranpal Pannu,2,0,0.0,0.0,0.0,0.0,,,
246,Kris Van Wyk,2,0,0.0,0.0,0.0,0.0,,,
247,Kristjan Tamm,2,0,0.0,0.0,0.0,0.0,,,
248,Kyle Edmund,7,0,0.0,0.0,0.0,0.0,,,
249,Laslo Djere,62,36,0.5806451612903226,16.0,4.0,16.0,0.4444444444444444,0.1111111111111111,0.4444444444444444
250,Laurent Lokoli,3,0,0.0,0.0,0.0,0.0,,,
251,Leandro Riedi,5,1,0.2,0.0,0.0,1.0,0.0,0.0,1.0
252,Learner Tien,1,0,0.0,0.0,0.0,0.0,,,
253,Leo Borg,6,1,0.16666666666666666,1.0,0.0,0.0,1.0,0.0,0.0
254,Li Tu,4,1,0.25,0.0,1.0,0.0,0.0,1.0,0.0
255,Liam Broady,13,6,0.46153846153846156,0.0,4.0,2.0,0.0,0.6666666666666666,0.3333333333333333
256,Liam Krall,1,0,0.0,0.0,0.0,0.0,,,
257,Lloyd Harris,19,7,0.3684210526315789,0.0,3.0,4.0,0.0,0.42857142857142855,0.5714285714285714
258,Lorenzo Giustino,1,0,0.0,0.0,0.0,0.0,,,
259,Lorenzo Musetti,62,33,0.532258064516129,17.0,6.0,10.0,0.5151515151515151,0.18181818181818182,0.30303030303030304
260,Lorenzo Sonego,58,29,0.5,9.0,2.0,18.0,0.3103448275862069,0.06896551724137931,0.6206896551724138
261,Louis Wessels,1,0,0.0,0.0,0.0,0.0,,,
262,Luca Nardi,9,2,0.2222222222222222,1.0,0.0,1.0,0.5,0.0,0.5
263,Luca Van Assche,31,12,0.3870967741935484,6.0,1.0,5.0,0.5,0.08333333333333333,0.4166666666666667
264,Lucas Catarina,1,1,1.0,1.0,0.0,0.0,1.0,0.0,0.0
265,Lucas Pouille,2,1,0.5,1.0,0.0,0.0,1.0,0.0,0.0
266,Luciano Darderi,3,1,0.3333333333333333,1.0,0.0,0.0,1.0,0.0,0.0
267,Lukas Klein,3,0,0.0,0.0,0.0,0.0,,,
268,Luke Saville,1,0,0.0,0.0,0.0,0.0,,,
269,Mackenzie Mcdonald,61,33,0.5409836065573771,0.0,6.0,27.0,0.0,0.18181818181818182,0.8181818181818182
270,Mahammad Abid,1,0,0.0,0.0,0.0,0.0,,,
271,Malek Jaziri,1,0,0.0,0.0,0.0,0.0,,,
272,Manas Dhamne,1,0,0.0,0.0,0.0,0.0,,,
273,Marc Andrea Huesler,35,11,0.3142857142857143,1.0,2.0,8.0,0.09090909090909091,0.18181818181818182,0.7272727272727273
274,Marc Polmans,2,1,0.5,0.0,0.0,1.0,0.0,0.0,1.0
275,Marcelo Arevalo,3,3,1.0,1.0,0.0,0.0,0.3333333333333333,0.0,0.0
276,Marcelo Demoliner,1,0,0.0,0.0,0.0,0.0,,,
277,Marco Cecchinato,26,11,0.4230769230769231,10.0,0.0,1.0,0.9090909090909091,0.0,0.09090909090909091
278,Marco Trungelliti,1,0,0.0,0.0,0.0,0.0,,,
279,Marcos Giron,53,24,0.4528301886792453,7.0,1.0,16.0,0.2916666666666667,0.041666666666666664,0.6666666666666666
280,Marin Cilic,3,1,0.3333333333333333,0.0,0.0,1.0,0.0,0.0,1.0
281,Mark Lajal,2,1,0.5,0.0,0.0,1.0,0.0,0.0,1.0
282,Marko Topo,1,0,0.0,0.0,0.0,0.0,,,
283,Martin Landaluce,2,0,0.0,0.0,0.0,0.0,,,
284,Martins Rocens,1,0,0.0,0.0,0.0,0.0,,,
285,Marton Fucsovics,44,22,0.5,4.0,5.0,13.0,0.18181818181818182,0.22727272727272727,0.5909090909090909
286,Mate Valkusz,2,1,0.5,0.0,0.0,1.0,0.0,0.0,1.0
287,Mateus Alves,1,0,0.0,0.0,0.0,0.0,,,
288,Matheus Pucinelli De Almeida,1,1,1.0,0.0,0.0,0.0,0.0,0.0,0.0
289,Mathias Bourgue,1,0,0.0,0.0,0.0,0.0,,,
290,Matic Kriznik,1,0,0.0,0.0,0.0,0.0,,,
291,Matija Pecotic,2,1,0.5,0.0,0.0,1.0,0.0,0.0,1.0
292,Matteo Arnaldi,35,20,0.5714285714285714,9.0,0.0,11.0,0.45,0.0,0.55
293,Matteo Berrettini,24,12,0.5,2.0,3.0,7.0,0.16666666666666666,0.25,0.5833333333333334
294,Matteo Martineau,1,0,0.0,0.0,0.0,0.0,,,
295,Mattia Bellucci,1,0,0.0,0.0,0.0,0.0,,,
296,Matwe Middelkoop,1,1,1.0,0.0,0.0,1.0,0.0,0.0,1.0
297,Max Hans Rehberg,1,0,0.0,0.0,0.0,0.0,,,
298,Max Purcell,30,10,0.3333333333333333,2.0,0.0,8.0,0.2,0.0,0.8
299,Maxime Cressy,29,9,0.3103448275862069,0.0,1.0,8.0,0.0,0.1111111111111111,0.8888888888888888
300,Maximilian Marterer,15,9,0.6,2.0,2.0,5.0,0.2222222222222222,0.2222222222222222,0.5555555555555556
301,Menelaos Efstathiou,2,1,0.5,0.0,0.0,0.0,0.0,0.0,0.0
302,Michael Agwi,1,0,0.0,0.0,0.0,0.0,,,
303,Michael Mmoh,23,13,0.5652173913043478,0.0,1.0,12.0,0.0,0.07692307692307693,0.9230769230769231
304,Michail Pervolarakis,1,0,0.0,0.0,0.0,0.0,,,
305,Mikael Ymer,27,12,0.4444444444444444,1.0,4.0,7.0,0.08333333333333333,0.3333333333333333,0.5833333333333334
306,Mikhail Kukushkin,3,1,0.3333333333333333,0.0,0.0,1.0,0.0,0.0,1.0
307,Milos Raonic,9,5,0.5555555555555556,0.0,2.0,3.0,0.0,0.4,0.6
308,Minhtuan Pham,1,0,0.0,0.0,0.0,0.0,,,
309,Miomir Kecmanovic,57,27,0.47368421052631576,9.0,2.0,16.0,0.3333333333333333,0.07407407407407407,0.5925925925925926
310,Mirza Basic,1,0,0.0,0.0,0.0,0.0,,,
311,Mitchell Krueger,2,1,0.5,0.0,0.0,1.0,0.0,0.0,1.0
312,Moez Echargui,2,2,1.0,0.0,0.0,0.0,0.0,0.0,0.0
313,Mohamed Safwat,3,2,0.6666666666666666,1.0,0.0,0.0,0.5,0.0,0.0
314,Mousa Alkotop,2,1,0.5,0.0,0.0,0.0,0.0,0.0,0.0
315,Muhammad Shoaib,2,1,0.5,0.0,1.0,0.0,0.0,1.0,0.0
316,Mustapha El Natour,1,1,1.0,1.0,0.0,0.0,1.0,0.0,0.0
317,Nam Hoang Ly,2,2,1.0,0.0,0.0,0.0,0.0,0.0,0.0
318,Nerman Fatic,1,0,0.0,0.0,0.0,0.0,,,
319,Nicholas David Ionel,2,1,0.5,0.0,0.0,0.0,0.0,0.0,0.0
320,Nick Chappell,1,0,0.0,0.0,0.0,0.0,,,
321,Nick Kyrgios,1,0,0.0,0.0,0.0,0.0,,,
322,Nicolai Budkov Kjaer,2,0,0.0,0.0,0.0,0.0,,,
323,Nicolas Barrientos,1,0,0.0,0.0,0.0,0.0,,,
324,Nicolas Jarry,59,39,0.6610169491525424,20.0,4.0,15.0,0.5128205128205128,0.10256410256410256,0.38461538461538464
325,Nicolas Mejia,4,1,0.25,1.0,0.0,0.0,1.0,0.0,0.0
326,Nicolas Moreno De Alboran,2,0,0.0,0.0,0.0,0.0,,,
327,Nikoloz Basilashvili,6,1,0.16666666666666666,0.0,0.0,1.0,0.0,0.0,1.0
328,Nino Serdarusic,1,0,0.0,0.0,0.0,0.0,,,
329,Novak Djokovic,63,56,0.8888888888888888,12.0,6.0,38.0,0.21428571428571427,0.10714285714285714,0.6785714285714286
330,Nuno Borges,27,9,0.3333333333333333,3.0,0.0,6.0,0.3333333333333333,0.0,0.6666666666666666
331,Oleksandr Ovcharenko,1,0,0.0,0.0,0.0,0.0,,,
332,Oleksii Krutykh,5,2,0.4,0.0,0.0,2.0,0.0,0.0,1.0
333,Omni Kumar,4,2,0.5,0.0,0.0,2.0,0.0,0.0,1.0
334,Oriol Roca Batalla,1,0,0.0,0.0,0.0,0.0,,,
335,Oscar Otte,20,6,0.3,2.0,1.0,3.0,0.3333333333333333,0.16666666666666666,0.5
336,Osgar Ohoisin,3,1,0.3333333333333333,1.0,0.0,0.0,1.0,0.0,0.0
337,Otto Virtanen,9,4,0.4444444444444444,0.0,0.0,4.0,0.0,0.0,1.0
338,Pablo Andujar,4,0,0.0,0.0,0.0,0.0,,,
339,Pablo Carreno Busta,4,1,0.25,0.0,0.0,1.0,0.0,0.0,1.0
340,Pablo Llamas Ruiz,2,1,0.5,1.0,0.0,0.0,1.0,0.0,0.0
341,Patrick Kaukovalta,1,0,0.0,0.0,0.0,0.0,,,
342,Patrick Kypson,1,0,0.0,0.0,0.0,0.0,,,
343,Pavel Kotov,30,16,0.5333333333333333,5.0,2.0,9.0,0.3125,0.125,0.5625
344,Pedro Cachin,37,15,0.40540540540540543,14.0,0.0,1.0,0.9333333333333333,0.0,0.06666666666666667
345,Pedro Martinez,16,4,0.25,1.0,0.0,3.0,0.25,0.0,0.75
346,Pedro Sousa,1,0,0.0,0.0,0.0,0.0,,,
347,Petros Chrysochos,2,1,0.5,0.0,0.0,0.0,0.0,0.0,0.0
348,Philip Sekulic,3,1,0.3333333333333333,0.0,0.0,1.0,0.0,0.0,1.0
349,Pierre Hugues Herbert,4,3,0.75,0.0,0.0,3.0,0.0,0.0,1.0
350,Prajnesh Gunneswaran,1,1,1.0,0.0,0.0,1.0,0.0,0.0,1.0
351,Quentin Halys,33,15,0.45454545454545453,4.0,2.0,9.0,0.26666666666666666,0.13333333333333333,0.6
352,Radu Albot,19,7,0.3684210526315789,2.0,0.0,5.0,0.2857142857142857,0.0,0.7142857142857143
353,Rafael Nadal,4,1,0.25,0.0,0.0,1.0,0.0,0.0,1.0
354,Ramkumar Ramanathan,1,0,0.0,0.0,0.0,0.0,,,
355,Raphael Calzi,1,1,1.0,0.0,0.0,0.0,0.0,0.0,0.0
356,Raul Garcia,1,0,0.0,0.0,0.0,0.0,,,
357,Ricardas Berankis,3,1,0.3333333333333333,0.0,0.0,0.0,0.0,0.0,0.0
358,Riccardo Bonadio,3,1,0.3333333333333333,1.0,0.0,0.0,1.0,0.0,0.0
359,Richard Gasquet,40,15,0.375,2.0,2.0,11.0,0.13333333333333333,0.13333333333333333,0.7333333333333333
360,Rigele Te,4,1,0.25,1.0,0.0,0.0,1.0,0.0,0.0
361,Rinky Hijikata,22,11,0.5,0.0,4.0,7.0,0.0,0.36363636363636365,0.6363636363636364
362,Robert Strombachs,3,2,0.6666666666666666,0.0,0.0,2.0,0.0,0.0,1.0
363,Roberto Bautista Agut,38,17,0.4473684210526316,4.0,3.0,10.0,0.23529411764705882,0.17647058823529413,0.5882352941176471
364,Roberto Carballes Baena,43,19,0.4418604651162791,14.0,2.0,3.0,0.7368421052631579,0.10526315789473684,0.15789473684210525
365,Robin Haase,2,1,0.5,0.0,0.0,1.0,0.0,0.0,1.0
366,Rodrigo Pacheco Mendez,3,1,0.3333333333333333,1.0,0.0,0.0,1.0,0.0,0.0
367,Roman Safiullin,39,20,0.5128205128205128,4.0,5.0,11.0,0.2,0.25,0.55
368,Rowland Phillips,2,1,0.5,0.0,0.0,0.0,0.0,0.0,0.0
369,Rudolf Molleker,1,0,0.0,0.0,0.0,0.0,,,
370,Ryan Peniston,4,1,0.25,0.0,1.0,0.0,0.0,1.0,0.0
371,Saba Purtseladze,1,1,1.0,0.0,0.0,0.0,0.0,0.0,0.0
372,Sasi Kumar Mukund,3,0,0.0,0.0,0.0,0.0,,,
373,Sebastian Baez,57,31,0.543859649122807,20.0,1.0,10.0,0.6451612903225806,0.03225806451612903,0.3225806451612903
374,Sebastian Dominko,1,0,0.0,0.0,0.0,0.0,,,
375,Sebastian Korda,43,26,0.6046511627906976,1.0,3.0,22.0,0.038461538461538464,0.11538461538461539,0.8461538461538461
376,Sebastian Ofner,27,13,0.48148148148148145,5.0,0.0,8.0,0.38461538461538464,0.0,0.6153846153846154
377,Seong Chan Hong,5,1,0.2,0.0,0.0,1.0,0.0,0.0,1.0
378,Sergey Fomin,1,0,0.0,0.0,0.0,0.0,,,
379,Shintaro Mochizuki,9,3,0.3333333333333333,0.0,0.0,3.0,0.0,0.0,1.0
380,Sho Shimabukuro,9,3,0.3333333333333333,0.0,0.0,3.0,0.0,0.0,1.0
381,Simon Carr,1,0,0.0,0.0,0.0,0.0,,,
382,Skander Mansouri,2,0,0.0,0.0,0.0,0.0,,,
383,Soon Woo Kwon,16,7,0.4375,0.0,0.0,7.0,0.0,0.0,1.0
384,Stan Wawrinka,50,27,0.54,9.0,2.0,16.0,0.3333333333333333,0.07407407407407407,0.5925925925925926
385,Stefano Napolitano,2,0,0.0,0.0,0.0,0.0,,,
386,Stefano Travaglia,2,0,0.0,0.0,0.0,0.0,,,
387,Stefanos Sakellaridis,3,1,0.3333333333333333,0.0,0.0,1.0,0.0,0.0,1.0
388,Stefanos Tsitsipas,74,50,0.6756756756756757,17.0,4.0,29.0,0.34,0.08,0.58
389,Steve Johnson,7,2,0.2857142857142857,1.0,1.0,0.0,0.5,0.5,0.0
390,Strong Kirchheimer,1,0,0.0,0.0,0.0,0.0,,,
391,Sumit Nagal,5,3,0.6,0.0,0.0,3.0,0.0,0.0,1.0
392,Tallon Griekspoor,62,37,0.5967741935483871,3.0,7.0,27.0,0.08108108108108109,0.1891891891891892,0.7297297297297297
393,Tao Mu,1,0,0.0,0.0,0.0,0.0,,,
394,Taro Daniel,27,11,0.4074074074074074,2.0,0.0,9.0,0.18181818181818182,0.0,0.8181818181818182
395,Taylor Fritz,77,53,0.6883116883116883,11.0,3.0,39.0,0.20754716981132076,0.05660377358490566,0.7358490566037735
396,Terence Atmane,4,1,0.25,0.0,0.0,1.0,0.0,0.0,1.0
397,Thai Son Kwiatkowski,1,0,0.0,0.0,0.0,0.0,,,
398,Thanasi Kokkinakis,32,16,0.5,3.0,0.0,13.0,0.1875,0.0,0.8125
399,Thiago Agustin Tirante,4,2,0.5,1.0,0.0,1.0,0.5,0.0,0.5
400,Thiago Monteiro,26,9,0.34615384615384615,6.0,0.0,2.0,0.6666666666666666,0.0,0.2222222222222222
401,Thiago Seyboth Wild,10,4,0.4,3.0,0.0,1.0,0.75,0.0,0.25
402,Thomaz Bellucci,1,0,0.0,0.0,0.0,0.0,,,
403,Tim Van Rijthoven,4,2,0.5,0.0,0.0,2.0,0.0,0.0,1.0
404,Timofey Skatov,6,3,0.5,2.0,0.0,1.0,0.6666666666666666,0.0,0.3333333333333333
405,Titouan Droguet,2,1,0.5,0.0,0.0,1.0,0.0,0.0,1.0
406,Tomas Barrios Vera,7,3,0.42857142857142855,2.0,1.0,0.0,0.6666666666666666,0.3333333333333333,0.0
407,Tomas Machac,16,8,0.5,3.0,0.0,5.0,0.375,0.0,0.625
408,Tomas Martin Etcheverry,57,30,0.5263157894736842,20.0,1.0,9.0,0.6666666666666666,0.03333333333333333,0.3
409,Tommy Paul,68,41,0.6029411764705882,2.0,7.0,32.0,0.04878048780487805,0.17073170731707318,0.7804878048780488
410,Tung Lin Wu,3,1,0.3333333333333333,0.0,0.0,1.0,0.0,0.0,1.0
411,Ugo Humbert,57,33,0.5789473684210527,1.0,3.0,29.0,0.030303030303030304,0.09090909090909091,0.8787878787878788
412,Valentin Vacherot,3,0,0.0,0.0,0.0,0.0,,,
413,Vasek Pospisil,3,1,0.3333333333333333,0.0,0.0,1.0,0.0,0.0,1.0
414,Viacheslav Bielinskyi,1,1,1.0,0.0,0.0,0.0,0.0,0.0,0.0
415,Viktor Durasovic,6,1,0.16666666666666666,1.0,0.0,0.0,1.0,0.0,0.0
416,Vilius Gaubas,2,1,0.5,0.0,0.0,0.0,0.0,0.0,0.0
417,Vitaliy Sachko,2,0,0.0,0.0,0.0,0.0,,,
418,Vladyslav Orlov,3,2,0.6666666666666666,0.0,0.0,1.0,0.0,0.0,0.5
419,Walid Ahouda,1,0,0.0,0.0,0.0,0.0,,,
420,Yanaki Milev,1,0,0.0,0.0,0.0,0.0,,,
421,Yannick Hanfmann,45,23,0.5111111111111111,16.0,4.0,3.0,0.6956521739130435,0.17391304347826086,0.13043478260869565
422,Yassine Dlimi,2,1,0.5,0.0,0.0,1.0,0.0,0.0,1.0
423,Ye Cong Mo,1,0,0.0,0.0,0.0,0.0,,,
424,Yi Zhou,3,0,0.0,0.0,0.0,0.0,,,
425,Yibing Wu,28,13,0.4642857142857143,3.0,1.0,9.0,0.23076923076923078,0.07692307692307693,0.6923076923076923
426,Yoshihito Nishioka,41,20,0.4878048780487805,5.0,0.0,15.0,0.25,0.0,0.75
427,Yosuke Watanuki,19,8,0.42105263157894735,1.0,2.0,5.0,0.125,0.25,0.625
428,Younes Lalami Laaroussi,1,0,0.0,0.0,0.0,0.0,,,
429,Yshai Oliel,3,2,0.6666666666666666,0.0,0.0,1.0,0.0,0.0,0.5
430,Yu Hsiou Hsu,6,3,0.5,0.0,0.0,3.0,0.0,0.0,1.0
431,Yuki Bhambri,1,0,0.0,0.0,0.0,0.0,,,
432,Yunseong Chung,1,0,0.0,0.0,0.0,0.0,,,
433,Yuttana Charoenphon,2,1,0.5,0.0,0.0,0.0,0.0,0.0,0.0
434,Zachary Svajda,4,1,0.25,0.0,0.0,1.0,0.0,0.0,1.0
435,Zhe Li,1,0,0.0,0.0,0.0,0.0,,,
436,Zhizhen Zhang,36,19,0.5277777777777778,10.0,2.0,7.0,0.5263157894736842,0.10526315789473684,0.3684210526315789
437,Zizou Bergs,12,3,0.25,2.0,0.0,1.0,0.6666666666666666,0.0,0.3333333333333333
438,Zsombor Piros,4,2,0.5,1.0,0.0,1.0,0.5,0.0,0.5
439,Zura Tkemaladze,1,1,1.0,0.0,0.0,0.0,0.0,0.0,0.0
